lap,nlap,netlsd,portrait
0.0,0.0,0.0,0.0
2.0,2.0,2.0,2.0
7.670622741762185,1.2808885620524844,0.084014191314191,0.12050912254828364
2.0,2.0,2.0,2.0
1.0,1.0,1.0,1.0
3.0,3.0,3.0,3.0
102.93768420329496,2.4674658764514072,0.19105029378511043,0.7689901210526242
3.0,3.0,3.0,3.0
