lap,nlap,netlsd,portrait
2.0,0.0,0.0,2.0
0.0,2.0,2.0,0.0
28.81788855491903,0.785749427122978,0.050587158625503795,0.09972551219568065
2.0,2.0,2.0,2.0
1.0,1.0,1.0,1.0
3.0,3.0,3.0,3.0
91.21617245168535,2.1940466167297994,0.16737240686442467,0.6384252986945772
3.0,3.0,3.0,3.0
