lap,nlap,netlsd,portrait
2.0,2.0,2.0,2.0
1.0,1.0,1.0,0.0
19.35325164233664,0.5025601377198182,0.02375677228150388,0.09972551219568065
2.0,2.0,2.0,2.0
0.0,0.0,0.0,1.0
3.0,3.0,3.0,3.0
24.557850611387945,1.5374868862565507,0.0741961429846957,0.6384252986945772
3.0,3.0,3.0,3.0
