lap,nlap,netlsd,portrait
1.0,2.0,2.0,0.0
2.0,1.0,1.0,2.0
18.804538572671294,0.5415194872220489,0.019822499131481486,0.12050912254828364
2.0,2.0,2.0,2.0
0.0,0.0,0.0,1.0
3.0,3.0,3.0,3.0
40.02753802592253,1.3840189294713552,0.06758473706095758,0.7689901210526242
3.0,3.0,3.0,3.0
