lap,lap,nlap,nlap,netlsd,netlsd,portrait,portrait
mean,std,mean,std,mean,std,mean,std
0.0,,0.0,,0.0,,0.0,
0.08839162054071843,,0.004771093834593104,,0.00010510063088011596,,0.0032571536657151315,
