lap,lap,nlap,nlap,netlsd,netlsd,portrait,portrait
mean,std,mean,std,mean,std,mean,std
0.0,,0.0,,0.0,,0.0,
0.19251394774632788,,0.001981929697202365,,4.1923865953191625e-05,,0.0032571536657151315,
