lap,nlap,netlsd,portrait
2.0,0.0,0.0,0.0
0.0,2.0,2.0,2.0
41.089890289560884,0.44628898313825793,0.024418636330513752,0.09255876839086402
2.0,2.0,2.0,2.0
1.0,1.0,1.0,1.0
3.0,3.0,3.0,3.0
136.02094105539553,2.8780445013369946,0.18606190987305693,0.8360175296640227
3.0,3.0,3.0,3.0
