lap,nlap,netlsd,portrait
2.0,0.0,0.0,0.0
0.0,2.0,2.0,2.0
30.98821140209737,0.5533975007048372,0.03161892188042169,0.06714989571281055
2.0,2.0,2.0,2.0
1.0,1.0,1.0,1.0
3.0,3.0,3.0,3.0
118.66448172196783,2.2820559995554155,0.14306624105209842,0.7312915257926816
3.0,3.0,3.0,3.0
