lap,nlap,netlsd,portrait
2.0,2.0,2.0,0.0
1.0,1.0,1.0,2.0
16.785335913414205,0.43685935718288993,0.023352198195798635,0.09255876839086402
2.0,2.0,2.0,2.0
0.0,0.0,0.0,1.0
3.0,3.0,3.0,3.0
51.92708657716795,1.5236990741046914,0.07677843684424325,0.8360175296640227
3.0,3.0,3.0,3.0
