lap,nlap,netlsd,portrait
1.0,2.0,2.0,0.0
0.0,1.0,1.0,2.0
34.0814185695511,0.37051101246158896,0.009256731922217471,0.06714989571281055
2.0,2.0,2.0,2.0
2.0,0.0,0.0,1.0
3.0,3.0,3.0,3.0
61.650432617973884,1.482012267156164,0.07491781035057407,0.7312915257926816
3.0,3.0,3.0,3.0
