count,count,size,size
mean,std,mean,std
2618.0,0.0,1577.3925691857344,0.0
2618.0,0.0,1577.3925691857344,0.0
2617.0,0.0,1577.4304797848613,0.5577204830163629
