count,count,size,size
mean,std,mean,std
4975.0,0.0,4954.3464452327125,0.0
4974.0,0.0,4953.304612404112,0.43148125757653594
4969.0,0.0,4947.805618408013,0.46546503296752767
