count,count,size,size
mean,std,mean,std
3559.0,0.0,2927.651617178336,0.0
3559.0,0.0,2927.8362214353356,0.2610698439206308
3197.5,16.263455967290593,2345.8592322940576,22.89337451884914
