count,count,size,size
mean,std,mean,std
3426.0,0.0,3373.3212225646516,0.0
3425.5,0.7071067811865476,3372.4904465116506,0.13300190309403023
3422.0,1.4142135623730951,3369.9629950527124,3.1972468779194014
