count,count,size,size
mean,std,mean,std
2985.0,0.0,2342.695312577769,9.650160167045136
2984.0,0.0,2330.7296620054794,7.799406522335255
2981.0,0.0,2340.4924625946032,9.98616783869965
