count,count,size,size
mean,std,mean,std
2513.0,0.0,1245.6786744981553,0.0
2512.5,0.7071067811865476,1245.310309745449,0.520946429177258
2510.5,0.7071067811865476,1244.4196236083055,0.9404354172388621
