mean,std
2767.0,0.0
2783.5,24.748737341529164
2780.5,23.33452377915607
2780.0,19.79898987322333
2779.0,18.384776310850235
2776.0,18.384776310850235
2778.5,20.506096654409877
2777.5,20.506096654409877
2781.0,31.11269837220809
2780.0,26.870057685088806
2775.0,26.870057685088806
