lap,lap,nlap,nlap,netlsd,netlsd,portrait,portrait
mean,std,mean,std,mean,std,mean,std
0.0,,0.0,,0.0,,0.0,
0.9707621923471604,,0.03135926496526185,,0.0006480505831169618,,0.015797940647903574,
