,lap,lap,nlap,nlap,netlsd,netlsd,portrait,portrait
,mean,std,mean,std,mean,std,mean,std
0.0,0.0,,0.0,,0.0,,0.0,
0.1,4.212939628060541,,0.0902361765848665,,0.0022486734685508475,,0.040719726642044235,
