,count,count,size,size
,mean,std,mean,std
0.0,2772.0,0.0,2772.0,0.0
0.1,2786.5,10.606601717798213,2786.5,10.606601717798213
