,lap,lap,nlap,nlap,netlsd,netlsd,portrait,portrait
,mean,std,mean,std,mean,std,mean,std
0.0,0.0,,0.0,,0.0,,0.0,
0.1,2.0977580815759174,,0.036155940646020526,,0.0006233296552833576,,0.040719726642044235,
