,lap,lap,nlap,nlap,netlsd,netlsd,portrait,portrait
,mean,std,mean,std,mean,std,mean,std
0.0,0.0,,0.0,,0.0,,0.0,
0.1,7.378081003369076,,0.15377630903073441,,0.008163934027323932,,0.038309569087694534,
