,count,count,size,size
,mean,std,mean,std
0.0,3702.0,0.0,3702.0,0.0
0.1,3676.5,45.96194077712559,3676.5,45.96194077712559
