,lap,lap,nlap,nlap,netlsd,netlsd,portrait,portrait
,mean,std,mean,std,mean,std,mean,std
0.0,0.0,,0.0,,0.0,,0.0,
0.1,1.3024620869853003,,0.031415793498846094,,0.0003815867841822539,,0.038309569087694534,
