lap,lap,nlap,nlap,netlsd,netlsd,portrait,portrait
mean,std,mean,std,mean,std,mean,std
0.0,,0.0,,0.0,,0.0,
0.2005257295348048,,0.012249342469595071,,4.069575264057196e-05,,0.0029308130917713136,
