lap,lap,nlap,nlap,netlsd,netlsd,portrait,portrait
mean,std,mean,std,mean,std,mean,std
0.0,,0.0,,0.0,,0.0,
0.24293845886432047,,0.004835473454626331,,1.2629040631418898e-05,,0.0029308130917713136,
