lap,lap,nlap,nlap,netlsd,netlsd,portrait,portrait
mean,std,mean,std,mean,std,mean,std
0.0,,0.0,,0.0,,0.0,
0.1742486006094425,,0.015037194268391547,,1.154294964846722e-05,,0.0016486237981947931,
