lap,lap,nlap,nlap,netlsd,netlsd,portrait,portrait
mean,std,mean,std,mean,std,mean,std
0.0,,0.0,,0.0,,0.0,
0.10292731047649047,,0.005326090230925043,,7.621481697667754e-05,,0.0016486237981947931,
