lap,lap,nlap,nlap,netlsd,netlsd,portrait,portrait
mean,std,mean,std,mean,std,mean,std
0.0,,0.0,,0.0,,0.0,
0.18531008041227026,,0.01707429747152882,,0.00010886676282168308,,0.010421552333777501,
