lap,lap,nlap,nlap,netlsd,netlsd,portrait,portrait
mean,std,mean,std,mean,std,mean,std
0.0,,0.0,,0.0,,0.0,
0.027330033273270597,,0.0005033356027138583,,8.544107607270128e-06,,0.010421552333777501,
