lap,lap,nlap,nlap,netlsd,netlsd,portrait,portrait
mean,std,mean,std,mean,std,mean,std
0.0,,0.0,,0.0,,0.0,
0.040559345330162894,,0.026033749870517025,,0.0001587535122214926,,8.768546515025382e-06,
