lap,lap,nlap,nlap,netlsd,netlsd,portrait,portrait
mean,std,mean,std,mean,std,mean,std
0.0,,0.0,,0.0,,0.0,
0.0940546643548206,,0.010954224363895681,,5.59211482612902e-06,,8.768546515025382e-06,
