lap,lap,nlap,nlap,netlsd,netlsd,portrait,portrait
mean,std,mean,std,mean,std,mean,std
0.0,,0.0,,0.0,,0.0,
0.08050343652417496,,0.016751592498075483,,0.0003580253897730417,,0.00157770232806185,
