lap,lap,nlap,nlap,netlsd,netlsd,portrait,portrait
mean,std,mean,std,mean,std,mean,std
0.0,,0.0,,0.0,,0.0,
0.06358993014905495,,0.004615305648341311,,5.183956358179548e-05,,0.00157770232806185,
