lap,lap,nlap,nlap,netlsd,netlsd,portrait,portrait
mean,std,mean,std,mean,std,mean,std
0.0,,0.0,,0.0,,0.0,
0.18675181508609176,,0.013763594942211927,,0.00028363246251195167,,2.5503197371742066e-06,
