lap,lap,nlap,nlap,netlsd,netlsd,portrait,portrait
mean,std,mean,std,mean,std,mean,std
0.0,,0.0,,0.0,,0.0,
0.26549639621112153,,0.007667785520298768,,0.00010277962896096976,,2.5503197371742066e-06,
