{"lap": {"Full": {"mean": 0.8263499709286399, "std": 0.0}, "K-neighbor": {"mean": 0.7470636428423623, "std": 0.0}, "Random": {"mean": 0.6737461489309833, "std": 0.0}, "Effective Resistance": {"mean": 0.7323342389864982, "std": 0.0}, "K-neighbor2": {"mean": 0.7490241466849473, "std": 0.0}, "Random2": {"mean": 0.7259190332149966, "std": 0.0}, "Effective Resistance2": {"mean": 0.6844516291878178, "std": 0.0}}, "nlap": {"Full": {"mean": 0.599782552904802, "std": 0.0}, "K-neighbor": {"mean": 0.7302888957531517, "std": 0.0}, "Random": {"mean": 0.716800359845396, "std": 0.0}, "Effective Resistance": {"mean": 0.8510636679327185, "std": 0.0}, "K-neighbor2": {"mean": 0.7017647002473941, "std": 0.0}, "Random2": {"mean": 0.6701135286295072, "std": 0.0}, "Effective Resistance2": {"mean": 0.7691841810724521, "std": 0.0}}, "netlsd": {"Full": {"mean": 0.5616513628602241, "std": 0.0}, "K-neighbor": {"mean": 0.6912541604203933, "std": 0.0}, "Random": {"mean": 0.5569913530366317, "std": 0.0}, "Effective Resistance": {"mean": 0.5929720183685587, "std": 0.0}, "K-neighbor2": {"mean": 0.5056852104693395, "std": 0.0}, "Random2": {"mean": 0.45838468748731254, "std": 0.0}, "Effective Resistance2": {"mean": 0.5262539579023179, "std": 0.0}}, "portrait": {"Full": {"mean": 0.5649521882187849, "std": 0.0}, "K-neighbor": {"mean": 0.6993593465669807, "std": 0.0}, "Random": {"mean": 0.5974255000043271, "std": 0.0}, "Effective Resistance": {"mean": 0.588605061029588, "std": 0.0}, "K-neighbor2": {"mean": 0.9852835045799605, "std": 0.0}, "Random2": {"mean": 0.39729831632169427, "std": 0.0}, "Effective Resistance2": {"mean": 0.6994843936927474, "std": 0.0}}, "best_approx_index": 0, "rdm_chance": 0.24210526315789474}