{"lap": {"Full": {"mean": 0.8336546494465136, "std": 0.011891874500779913}, "Apsp": {"mean": 0.5184221346777206, "std": 0.008671216575085447}, "Local degree": {"mean": 0.8390038109250595, "std": 0.013360577498602767}, "K-neighbor": {"mean": 0.7223424012776534, "std": 0.016427833218509068}, "Random": {"mean": 0.6731164379680538, "std": 0.013081834247530589}, "Threshold": {"mean": 0.5313799046898783, "std": 0.0075196469679758935}, "Effective Resistance": {"mean": 0.7343294116748632, "std": 0.012148377356766688}}, "nlap": {"Full": {"mean": 0.5940491095264344, "std": 0.005703952770201976}, "Apsp": {"mean": 0.49701665829573455, "std": 0.006049235885579469}, "Local degree": {"mean": 0.9921632196456869, "std": 0.0031905935909946523}, "K-neighbor": {"mean": 0.7350877520904829, "std": 0.005748073080991792}, "Random": {"mean": 0.7081221207647717, "std": 0.006775314799627933}, "Threshold": {"mean": 0.7421256413769645, "std": 0.014812439219949248}, "Effective Resistance": {"mean": 0.8366975436359153, "std": 0.016707869947509467}}, "netlsd": {"Full": {"mean": 0.5561151565545985, "std": 0.008592314289220127}, "Apsp": {"mean": 0.46794107400356966, "std": 0.01055241594969942}, "Local degree": {"mean": 0.7241706138511936, "std": 0.0180376795917182}, "K-neighbor": {"mean": 0.6921695379618398, "std": 0.006722915315265154}, "Random": {"mean": 0.5324889664196646, "std": 0.015400810026476162}, "Threshold": {"mean": 0.5401826089912541, "std": 0.03778765418078434}, "Effective Resistance": {"mean": 0.5961885503332438, "std": 0.02085865715406403}}, "portrait": {"Full": {"mean": 0.5609357253692098, "std": 0.01058715700742399}, "Apsp": {"mean": 0.5609357253692098, "std": 0.01058715700742399}, "Local degree": {"mean": 0.5868048151810263, "std": 0.014598808877990319}, "K-neighbor": {"mean": 0.7033777572209584, "std": 0.0070879524518242705}, "Random": {"mean": 0.5835307771747933, "std": 0.009856552686525723}, "Threshold": {"mean": 0.546643653403893, "std": 0.012193555941274973}, "Effective Resistance": {"mean": 0.5865695583535717, "std": 0.012578274794480785}}, "best_approx_index": 13, "rdm_chance": 0.24210526315789474}