{"lap": {"Full": {"mean": 0.8336546494465136, "std": 0.011891874500779913}, "Apsp": {"mean": 0.5184221346777206, "std": 0.008671216575085447}, "Local degree": {"mean": 0.8128789513749295, "std": 0.013031732551320308}, "K-neighbor": {"mean": 0.6511022593414334, "std": 0.010978987866926197}, "Random": {"mean": 0.6725208083271857, "std": 0.01167970614930611}, "Threshold": {"mean": 0.5313799046898783, "std": 0.0075196469679758935}, "Effective resistance": {"mean": 0.6848753136586812, "std": 0.01520191232380834}}, "nlap": {"Full": {"mean": 0.5940491095264344, "std": 0.005703952770201976}, "Apsp": {"mean": 0.49701665829573455, "std": 0.006049235885579469}, "Local degree": {"mean": 0.9899079955608526, "std": 0.003979836407566056}, "K-neighbor": {"mean": 0.7217868975997606, "std": 0.005582772973689055}, "Random": {"mean": 0.7090548102736035, "std": 0.00593676249102516}, "Threshold": {"mean": 0.7421256413769645, "std": 0.014812439219949248}, "Effective resistance": {"mean": 0.744620888957033, "std": 0.011405104669761901}}, "netlsd": {"Full": {"mean": 0.5561151565545985, "std": 0.008592314289220127}, "Apsp": {"mean": 0.46794107400356966, "std": 0.01055241594969942}, "Local degree": {"mean": 0.688828152419206, "std": 0.0113336608363434}, "K-neighbor": {"mean": 0.7240526853322036, "std": 0.007505368762397426}, "Random": {"mean": 0.5319627119141376, "std": 0.012613191298213604}, "Threshold": {"mean": 0.5401826089912541, "std": 0.03778765418078434}, "Effective resistance": {"mean": 0.5156478059844141, "std": 0.012859291317256497}}, "portrait": {"Full": {"mean": 0.5609357253692098, "std": 0.01058715700742399}, "Apsp": {"mean": 0.5609357253692098, "std": 0.01058715700742399}, "Local degree": {"mean": 0.5833764742796962, "std": 0.012618576582356695}, "K-neighbor": {"mean": 0.5876550438960744, "std": 0.007440494164473241}, "Random": {"mean": 0.5808201699463569, "std": 0.01232184602457336}, "Threshold": {"mean": 0.546643653403893, "std": 0.012193555941274973}, "Effective resistance": {"mean": 0.7043046906094187, "std": 0.025568531700261174}}, "best_approx_index": 8, "rdm_chance": 0.24210526315789474}