{"lap": {"Full": {"mean": 0.8322161838439456, "std": 0.010213913579567819}, "Random": {"mean": 0.6635147174579891, "std": 0.008734903320201411}, "Threshold": {"mean": 0.5323757703532976, "std": 0.006104903590547831}, "Local Degree": {"mean": 0.7687593865387771, "std": 0.011227809948414286}, "K-Neighbor": {"mean": 0.7517424656682425, "std": 0.011011811208394387}, "Effective Resistance": {"mean": 0.726640865322344, "std": 0.017079693329393415}, "APSP": {"mean": 0.5170822874386418, "std": 0.005680163663628547}}, "nlap": {"Full": {"mean": 0.5950500288128092, "std": 0.003979958707454876}, "Random": {"mean": 0.7121845281076116, "std": 0.007371697096464719}, "Threshold": {"mean": 0.7432397826603045, "std": 0.014824632529342345}, "Local Degree": {"mean": 0.9959500168912536, "std": 0.0016829111402394891}, "K-Neighbor": {"mean": 0.7116008087424435, "std": 0.008422076455499715}, "Effective Resistance": {"mean": 0.834878376832424, "std": 0.015512430611984093}, "APSP": {"mean": 0.49513558084962367, "std": 0.005123219100525869}}, "netlsd": {"Full": {"mean": 0.5557311566166766, "std": 0.009204186021589674}, "Random": {"mean": 0.5370662804665348, "std": 0.019811810499361173}, "Threshold": {"mean": 0.5388118047228025, "std": 0.042987780332320764}, "Local Degree": {"mean": 0.6666876555605976, "std": 0.009767402669125626}, "K-Neighbor": {"mean": 0.5027766626439722, "std": 0.006180121932813392}, "Effective Resistance": {"mean": 0.6073447335700342, "std": 0.012355740242505147}, "APSP": {"mean": 0.46660271447813984, "std": 0.009758281782107931}}, "portrait": {"Full": {"mean": 0.5611866008205024, "std": 0.006052748598259486}, "Random": {"mean": 0.5836547588232114, "std": 0.009101591024892126}, "Threshold": {"mean": 0.5480758648731272, "std": 0.008421699752329835}, "Local Degree": {"mean": 0.6759120261596631, "std": 0.008899308399515693}, "K-Neighbor": {"mean": 0.982592790855523, "std": 0.004459628446069437}, "Effective Resistance": {"mean": 0.5847918299558137, "std": 0.015106302351459967}, "APSP": {"mean": 0.5611866008205024, "std": 0.006052748598259486}}, "best_approx_index": 8, "rdm_chance": 0.24210526315789474}