{"lap": {"Full": {"mean": 0.8336546494465136, "std": 0.011891874500779913}, "Apsp": {"mean": 0.5184221346777206, "std": 0.008671216575085447}, "Local degree": {"mean": 0.8128789513749295, "std": 0.013031732551320308}, "K-neighbor": {"mean": 0.6511022593414334, "std": 0.010978987866926197}, "Random": {"mean": 0.6731164379680538, "std": 0.013081834247530589}, "Threshold": {"mean": 0.5313799046898783, "std": 0.0075196469679758935}, "Effective Resistance": {"mean": 0.7343294116748632, "std": 0.012148377356766688}}, "nlap": {"Full": {"mean": 0.5940491095264344, "std": 0.005703952770201976}, "Apsp": {"mean": 0.49701665829573455, "std": 0.006049235885579469}, "Local degree": {"mean": 0.9899079955608526, "std": 0.003979836407566056}, "K-neighbor": {"mean": 0.7217868975997606, "std": 0.005582772973689055}, "Random": {"mean": 0.7081221207647717, "std": 0.006775314799627933}, "Threshold": {"mean": 0.7421256413769645, "std": 0.014812439219949248}, "Effective Resistance": {"mean": 0.8366975436359153, "std": 0.016707869947509467}}, "netlsd": {"Full": {"mean": 0.5561151565545985, "std": 0.008592314289220127}, "Apsp": {"mean": 0.46794107400356966, "std": 0.01055241594969942}, "Local degree": {"mean": 0.688828152419206, "std": 0.0113336608363434}, "K-neighbor": {"mean": 0.7240526853322036, "std": 0.007505368762397426}, "Random": {"mean": 0.5324889664196646, "std": 0.015400810026476162}, "Threshold": {"mean": 0.5401826089912541, "std": 0.03778765418078434}, "Effective Resistance": {"mean": 0.5961885503332438, "std": 0.02085865715406403}}, "portrait": {"Full": {"mean": 0.5609357253692098, "std": 0.01058715700742399}, "Apsp": {"mean": 0.5609357253692098, "std": 0.01058715700742399}, "Local degree": {"mean": 0.5833764742796962, "std": 0.012618576582356695}, "K-neighbor": {"mean": 0.5876550438960744, "std": 0.007440494164473241}, "Random": {"mean": 0.5835307771747933, "std": 0.009856552686525723}, "Threshold": {"mean": 0.546643653403893, "std": 0.012193555941274973}, "Effective Resistance": {"mean": 0.5865695583535717, "std": 0.012578274794480785}}, "best_approx_index": 13, "rdm_chance": 0.24210526315789474}