{"lap": {"Full": {"mean": 0.8336546494465136, "std": 0.011891874500779913}, "Random": {"mean": 0.6739219247865644, "std": 0.009384589432900808}, "ER random QF preserving": {"mean": 0.7329799241593334, "std": 0.01405547353150948}, "ER random": {"mean": 0.5707972541826297, "std": 0.009106742811096274}, "ER deterministic QF preserving": {"mean": 0.6879688815160545, "std": 0.017907145383399617}, "ER deterministic": {"mean": 0.5298850107571821, "std": 0.011534413877913947}}, "nlap": {"Full": {"mean": 0.5940491095264344, "std": 0.005703952770201976}, "Random": {"mean": 0.710019686753937, "std": 0.006884569394034867}, "ER random QF preserving": {"mean": 0.8378801727884106, "std": 0.011584991546112554}, "ER random": {"mean": 0.6978084054906353, "std": 0.009409309298800338}, "ER deterministic QF preserving": {"mean": 0.7458846383192738, "std": 0.021252547646975938}, "ER deterministic": {"mean": 0.5403214389750105, "std": 0.015005420873778432}}, "netlsd": {"Full": {"mean": 0.5561151565545985, "std": 0.008592314289220127}, "Random": {"mean": 0.5431990217165883, "std": 0.01504480458700139}, "ER random QF preserving": {"mean": 0.5966286837490072, "std": 0.014985615133978036}, "ER random": {"mean": 0.6124645476472008, "std": 0.015622036841747637}, "ER deterministic QF preserving": {"mean": 0.4935749652642866, "std": 0.030236408262179805}, "ER deterministic": {"mean": 0.44645957283905435, "std": 0.021104062395044785}}, "portrait": {"Full": {"mean": 0.5609357253692098, "std": 0.01058715700742399}, "Random": {"mean": 0.5814291731990788, "std": 0.011789894233651338}, "ER random QF preserving": {"mean": 0.5884838204836632, "std": 0.011852818863902928}, "ER random": {"mean": 0.6228818038282081, "std": 0.011848170163092246}, "ER deterministic QF preserving": {"mean": 0.5884197784346021, "std": 0.018076124414780136}, "ER deterministic": {"mean": 0.6020401873775205, "std": 0.012005404841465069}}, "best_approx_index": 4, "rdm_chance": 0.24210526315789474}