lap,lap,nlap,nlap,netlsd,netlsd,portrait,portrait
mean,std,mean,std,mean,std,mean,std
0.0,,0.0,,0.0,,0.0,
0.1749374672964424,,0.009929062514335249,,3.2185516181312867e-05,,0.0018565730127776724,
