lap,lap,nlap,nlap,netlsd,netlsd,portrait,portrait
mean,std,mean,std,mean,std,mean,std
0.0,,0.0,,0.0,,0.0,
0.1478600013360319,,0.00633181019316705,,1.8245354077223012e-05,,0.0018565730127776724,
