lap,lap,nlap,nlap,netlsd,netlsd,portrait,portrait
mean,std,mean,std,mean,std,mean,std
0.0,,0.0,,0.0,,0.0,
0.12666481477351532,,0.006337076750773522,,0.0001420644314259217,,0.0012357915459119038,
