lap,lap,nlap,nlap,netlsd,netlsd,portrait,portrait
mean,std,mean,std,mean,std,mean,std
0.0,,0.0,,0.0,,0.0,
0.1092187686045808,,0.004104485073490847,,4.679174848858694e-05,,0.0012357915459119038,
