lap,lap,nlap,nlap,netlsd,netlsd,portrait,portrait
mean,std,mean,std,mean,std,mean,std
0.0,,0.0,,0.0,,0.0,
0.14014969702533525,,0.016198082265643628,,0.00011248519865676585,,0.0011196832110696641,
