lap,lap,nlap,nlap,netlsd,netlsd,portrait,portrait
mean,std,mean,std,mean,std,mean,std
0.0,,0.0,,0.0,,0.0,
0.09685616101284847,,0.002999000818805619,,4.284260982952189e-05,,0.0011196832110696641,
