lap,lap,nlap,nlap,netlsd,netlsd,portrait,portrait
mean,std,mean,std,mean,std,mean,std
0.0,,0.0,,0.0,,0.0,
0.09812778360031137,,0.013206891187936134,,6.302329494832531e-05,,0.0001064642336684004,
