lap,lap,nlap,nlap,netlsd,netlsd,portrait,portrait
mean,std,mean,std,mean,std,mean,std
0.0,,0.0,,0.0,,0.0,
0.27392176397115947,,0.01313959621999128,,6.738677572713864e-06,,0.0001064642336684004,
