,lap,lap,nlap,nlap,netlsd,netlsd,portrait,portrait
,mean,std,mean,std,mean,std,mean,std
0.0,0.0,,0.0,,0.0,,0.0,
0.1,3.3422210477708063,,0.36165926698179734,,0.0161235465435312,,0.05411641135225552,
