,count,count,size,size
,mean,std,mean,std
0.0,2212.0,0.0,2212.0,0.0
0.1,2263.0,26.870057685088806,2263.0,26.870057685088806
