,lap,lap,nlap,nlap,netlsd,netlsd,portrait,portrait
,mean,std,mean,std,mean,std,mean,std
0.0,0.0,,0.0,,0.0,,0.0,
0.1,4.3517994735431085,,0.04175678509143475,,0.0002656109191616483,,0.05411641135225552,
