lap,lap,nlap,nlap,netlsd,netlsd,portrait,portrait
mean,std,mean,std,mean,std,mean,std
0.0,,0.0,,0.0,,0.0,
0.08945718170958493,,0.01705767711825128,,0.0005038919981144692,,0.0023708875325971343,
