lap,lap,nlap,nlap,netlsd,netlsd,portrait,portrait
mean,std,mean,std,mean,std,mean,std
0.0,,0.0,,0.0,,0.0,
0.3201643749469616,,0.012896258329370719,,5.76579829959915e-05,,0.0023708875325971343,
