,lap,lap,nlap,nlap,netlsd,netlsd,portrait,portrait
,mean,std,mean,std,mean,std,mean,std
0.0,0.0,,0.0,,0.0,,0.0,
0.1,2.2349304352156487,,0.14930061816345194,,0.005457853292322131,,0.0510802438750928,
