,count,count,size,size
,mean,std,mean,std
0.0,2198.0,0.0,2198.0,0.0
0.1,2211.5,26.16295090390226,2211.5,26.16295090390226
