,lap,lap,nlap,nlap,netlsd,netlsd,portrait,portrait
,mean,std,mean,std,mean,std,mean,std
0.0,0.0,,0.0,,0.0,,0.0,
0.1,2.4750524955024398,,0.047009384904183334,,0.001235409642659322,,0.0510802438750928,
