lap,lap,nlap,nlap,netlsd,netlsd,portrait,portrait
mean,std,mean,std,mean,std,mean,std
0.0,,0.0,,0.0,,0.0,
0.12823027911472148,,0.02804036078449619,,0.0002191776533168717,,1.1860336523385169e-05,
