lap,lap,nlap,nlap,netlsd,netlsd,portrait,portrait
mean,std,mean,std,mean,std,mean,std
0.0,,0.0,,0.0,,0.0,
0.14910908466244505,,0.015761821005412756,,6.220806170592077e-05,,1.1860336523385169e-05,
