lap,lap,nlap,nlap,netlsd,netlsd,portrait,portrait
mean,std,mean,std,mean,std,mean,std
0.0,,0.0,,0.0,,0.0,
0.07288707028799807,,0.0074016835179464046,,5.95734189736341e-05,,0.00018319878588408765,
