lap,lap,nlap,nlap,netlsd,netlsd,portrait,portrait
mean,std,mean,std,mean,std,mean,std
0.0,,0.0,,0.0,,0.0,
0.08481023731482114,,0.003915398925862739,,4.1048010315720484e-05,,0.00018319878588408765,
