lap,lap,nlap,nlap,netlsd,netlsd,portrait,portrait
mean,std,mean,std,mean,std,mean,std
0.0,,0.0,,0.0,,0.0,
0.22319429868656665,,0.011453250982116726,,0.00021088494766823514,,7.272177048831362e-05,
