lap,lap,nlap,nlap,netlsd,netlsd,portrait,portrait
mean,std,mean,std,mean,std,mean,std
0.0,,0.0,,0.0,,0.0,
1.2123633077097342,,0.009700875365529034,,9.019232659098628e-06,,7.272177048831362e-05,
