lap,lap,nlap,nlap,netlsd,netlsd,portrait,portrait
mean,std,mean,std,mean,std,mean,std
0.0,0.0,0.0,0.0,0.0,0.0,0.0,0.0
0.0,0.0,0.0,0.0,0.0,0.0,0.0,0.0
0.18444896659762777,0.0790574291355163,0.01659438333976142,0.013456856966101053,0.00033332287835213933,0.00026147617380567424,0.0031339790655173674,0.001904718167792432
