lap,lap,nlap,nlap,netlsd,netlsd,portrait,portrait
mean,std,mean,std,mean,std,mean,std
0.0,0.0,0.0,0.0,0.0,0.0,0.0,0.0
0.3437415935540933,0.1418650677751472,0.006452427732662999,0.0027467364783538882,9.792395812349454e-05,3.187996141882437e-05,0.0,0.0
1.7255013322349961,0.11850610120231078,0.015161534261369892,0.0023725541178106473,0.00031487131827558914,4.351791926219128e-05,0.0031339790655173674,0.001904718167792432
