lap,lap,nlap,nlap,netlsd,netlsd,portrait,portrait
mean,std,mean,std,mean,std,mean,std
0.0,0.0,0.0,0.0,0.0,0.0,0.0,0.0
0.1765538969239822,0.2496849155197171,0.0058655979850060335,0.00829520822182383,5.381969993684733e-06,7.611254957353991e-06,2.5481299202795686e-05,3.603599891948039e-05
43.35571377286729,1.549986839425101,0.6486371221498918,0.024904983942002416,0.0415451627710461,0.0018675736009236348,0.009303703645260966,0.002221710615293129
