lap,lap,nlap,nlap,netlsd,netlsd,portrait,portrait
mean,std,mean,std,mean,std,mean,std
0.0,0.0,0.0,0.0,0.0,0.0,0.0,0.0
0.35164872992301055,0.20031573943301523,0.018497212145173164,0.019978405618589934,3.030987368514187e-05,1.5374472438857277e-05,0.0028268248382394747,0.00045382478005105497
1.8168614848053874,0.232047501385052,0.054033486243586754,0.014780180748360116,0.00041876658496346547,4.216245504783647e-05,0.011280680393516776,0.002745136001395927
