lap,lap,nlap,nlap,netlsd,netlsd,portrait,portrait
mean,std,mean,std,mean,std,mean,std
14.159025249575544,1.6204222015189695,0.35777667554941517,0.05329740018949982,0.022562697709740606,0.008986985077051224,0.04901624193543506,0.001170268283374043
14.215412843975603,0.066944393256808,0.38717524486312704,0.07221833394832149,0.03091976172463594,0.003988497025676898,0.04797299255842174,0.0016949924299212464
14.534602878685696,1.7753338440840551,0.3313420634867914,0.03292780148288793,0.033958345229172696,0.0004855001051120603,0.047139671395408915,0.0022023703527256633
