lap,lap,nlap,nlap,netlsd,netlsd,portrait,portrait
mean,std,mean,std,mean,std,mean,std
0.0,0.0,0.0,0.0,0.0,0.0,0.0,0.0
0.05117597554316271,0.07237375868081453,0.010180281808117692,0.014397092601820134,7.93027673738379e-05,0.00011215104915380015,0.0,0.0
0.3565269033729933,0.14583647634021676,0.015096412847423187,0.010488321152516359,0.00040206454225002965,0.00024169191381757954,0.0036626661965359114,0.0025618629359322755
