lap,lap,nlap,nlap,netlsd,netlsd,portrait,portrait
mean,std,mean,std,mean,std,mean,std
0.0,,0.0,,0.0,,0.0,
1.1151761744568072,,0.013080452017692869,,0.00012951028512985606,,0.00012426215652241733,
