lap,lap,nlap,nlap,netlsd,netlsd,portrait,portrait
mean,std,mean,std,mean,std,mean,std
0.0,,0.0,,0.0,,0.0,
0.5838099650212282,,0.00627539129531608,,4.7784575987759274e-05,,0.00012426215652241733,
