lap,lap,nlap,nlap,netlsd,netlsd,portrait,portrait
mean,std,mean,std,mean,std,mean,std
0.0,,0.0,,0.0,,0.0,
0.012956241547461205,,0.002910825293180924,,2.7102921961954947e-05,,0.008730327577933603,
