lap,lap,nlap,nlap,netlsd,netlsd,portrait,portrait
mean,std,mean,std,mean,std,mean,std
0.0,,0.0,,0.0,,0.0,
0.16369009807433915,,0.017425677147503725,,7.87121550816856e-05,,0.008730327577933603,
