lap,lap,nlap,nlap,netlsd,netlsd,portrait,portrait
mean,std,mean,std,mean,std,mean,std
0.0,,0.0,,0.0,,0.0,
0.11890066518084205,,0.012967886605775605,,6.142243715939283e-05,,0.00022534916183621355,
