lap,lap,nlap,nlap,netlsd,netlsd,portrait,portrait
mean,std,mean,std,mean,std,mean,std
0.0,,0.0,,0.0,,0.0,
0.11666529668520802,,0.006332198565975928,,5.988765704951008e-05,,0.00022534916183621355,
