,lap,lap,nlap,nlap,netlsd,netlsd,portrait,portrait
,mean,std,mean,std,mean,std,mean,std
0.0,0.0,,0.0,,0.0,,0.0,
0.1,6.208980215756895,,0.09973962104036355,,0.00516693970720752,,0.044159235954212284,
