,count,count,size,size
,mean,std,mean,std
0.0,3547.0,0.0,3547.0,0.0
0.1,3253.0,26.870057685088806,3253.0,26.870057685088806
