,lap,lap,nlap,nlap,netlsd,netlsd,portrait,portrait
,mean,std,mean,std,mean,std,mean,std
0.0,0.0,,0.0,,0.0,,0.0,
0.1,4.614823004146512,,0.039092600780704256,,0.0001597590878580046,,0.044159235954212284,
