lap,lap,nlap,nlap,netlsd,netlsd,portrait,portrait
mean,std,mean,std,mean,std,mean,std
0.0,,0.0,,0.0,,0.0,
0.12055731539827558,,0.0253307063537028,,0.0003102216521189496,,4.338633329579362e-05,
