lap,lap,nlap,nlap,netlsd,netlsd,portrait,portrait
mean,std,mean,std,mean,std,mean,std
0.0,,0.0,,0.0,,0.0,
0.11054771252215215,,0.009196318724696052,,1.1928717072443063e-05,,4.338633329579362e-05,
