lap,lap,nlap,nlap,netlsd,netlsd,portrait,portrait
mean,std,mean,std,mean,std,mean,std
0.0,,0.0,,0.0,,0.0,
0.1740312889656527,,0.013652477346570694,,3.510631949230714e-06,,4.903758030257273e-05,
