lap,lap,nlap,nlap,netlsd,netlsd,portrait,portrait
mean,std,mean,std,mean,std,mean,std
0.0,,0.0,,0.0,,0.0,
0.16237863539395342,,0.015123720700174979,,2.9621434399269143e-05,,4.903758030257273e-05,
