{"lap": {"Full": {"mean": 0.601699267926511, "std": 0.005189759361296489}, "Random": {"mean": 0.5805127581978556, "std": 0.00454034620822384}, "Threshold": {"mean": 0.6122911077199906, "std": 0.004722523840851546}, "Local Degree": {"mean": 0.5877611456928815, "std": 0.006190096248896147}, "K-Neighbor": {"mean": 0.5605689120544416, "std": 0.005519312379884145}, "Effective Resistance": {"mean": 0.5294573132861045, "std": 0.009596638779666758}, "APSP": {"mean": 0.5929634467109123, "std": 0.008649904807989167}}, "nlap": {"Full": {"mean": 0.6199436203721085, "std": 0.004395124521905156}, "Random": {"mean": 0.5628137607583423, "std": 0.0053291150498059065}, "Threshold": {"mean": 0.5990526371885541, "std": 0.0053316803072372045}, "Local Degree": {"mean": 0.6637805950516609, "std": 0.0022571753196729714}, "K-Neighbor": {"mean": 0.6268689499440232, "std": 0.0028943579623544745}, "Effective Resistance": {"mean": 0.611290534561248, "std": 0.006711528456507429}, "APSP": {"mean": 0.574320860400342, "std": 0.006245410997938489}}, "netlsd": {"Full": {"mean": 0.5815236057757749, "std": 0.010230401037974257}, "Random": {"mean": 0.4773218905839576, "std": 0.011643262746976267}, "Threshold": {"mean": 0.47747397380833306, "std": 0.020456882690989203}, "Local Degree": {"mean": 0.5465734043569058, "std": 0.004380802735672322}, "K-Neighbor": {"mean": 0.5243445863733497, "std": 0.007969999592397244}, "Effective Resistance": {"mean": 0.5143339355649927, "std": 0.009427828057644628}, "APSP": {"mean": 0.5295217093179307, "std": 0.00818338398085762}}, "portrait": {"Full": {"mean": 0.5914988956877973, "std": 0.004950979230904417}, "Random": {"mean": 0.5750909542701875, "std": 0.006241991898097715}, "Threshold": {"mean": 0.585478000548016, "std": 0.005633489551567314}, "Local Degree": {"mean": 0.5868452642408145, "std": 0.0074430347403618745}, "K-Neighbor": {"mean": 0.5762669175510963, "std": 0.009800053202969672}, "Effective Resistance": {"mean": 0.5275150402033516, "std": 0.010965142887831366}, "APSP": {"mean": 0.5914988956877973, "std": 0.004950979230904417}}, "best_approx_index": 8, "rdm_chance": 0.28421052631578947}