{"lap": {"Full": {"mean": 0.6062461518245263, "std": 0.0}, "K-neighbor": {"mean": 0.5597262212602819, "std": 0.0}, "Random": {"mean": 0.582642576529022, "std": 0.0}, "Effective Resistance": {"mean": 0.5382145052819083, "std": 0.0}, "K-neighbor2": {"mean": 0.5681473743395755, "std": 0.0}, "Random2": {"mean": 0.5504941541300797, "std": 0.0}, "Effective Resistance2": {"mean": 0.5304272054503303, "std": 0.0}}, "nlap": {"Full": {"mean": 0.6245370216979776, "std": 0.0}, "K-neighbor": {"mean": 0.5756478251464825, "std": 0.0}, "Random": {"mean": 0.5670565728655608, "std": 0.0}, "Effective Resistance": {"mean": 0.6047609254544875, "std": 0.0}, "K-neighbor2": {"mean": 0.6299781617048905, "std": 0.0}, "Random2": {"mean": 0.6129094358799819, "std": 0.0}, "Effective Resistance2": {"mean": 0.611788390444387, "std": 0.0}}, "netlsd": {"Full": {"mean": 0.5888589341512027, "std": 0.0}, "K-neighbor": {"mean": 0.5432361987080359, "std": 0.0}, "Random": {"mean": 0.49052203203934036, "std": 0.0}, "Effective Resistance": {"mean": 0.49015755138160666, "std": 0.0}, "K-neighbor2": {"mean": 0.5413142886118807, "std": 0.0}, "Random2": {"mean": 0.5028653468744186, "std": 0.0}, "Effective Resistance2": {"mean": 0.4871134153446399, "std": 0.0}}, "portrait": {"Full": {"mean": 0.5919549690061621, "std": 0.0}, "K-neighbor": {"mean": 0.5585185216260933, "std": 0.0}, "Random": {"mean": 0.5878288158689579, "std": 0.0}, "Effective Resistance": {"mean": 0.5282930402372366, "std": 0.0}, "K-neighbor2": {"mean": 0.5803387089880827, "std": 0.0}, "Random2": {"mean": 0.33408630531404365, "std": 0.0}, "Effective Resistance2": {"mean": 0.5121518533524405, "std": 0.0}}, "best_approx_index": 0, "rdm_chance": 0.28421052631578947}