{"lap": {"Full": {"mean": 0.7869178021573385, "std": 0.025612722594283693}, "Random": {"mean": 0.7201170442374532, "std": 0.011626265236333888}, "ER random QF preserving": {"mean": 0.496060424932358, "std": 0.031189364080192086}, "ER random": {"mean": 0.8049121008712353, "std": 0.025141769050606423}, "ER deterministic QF preserving": {"mean": 0.8163131278560082, "std": 0.04641973067296387}, "ER deterministic": {"mean": 0.9211339466721447, "std": 0.027372742948176598}}, "nlap": {"Full": {"mean": 0.9888708845869221, "std": 0.005875693633997721}, "Random": {"mean": 0.5698565122585773, "std": 0.019071769543079896}, "ER random QF preserving": {"mean": 0.8697001234041553, "std": 0.03588892954253158}, "ER random": {"mean": 0.8383431642029718, "std": 0.046226785976539814}, "ER deterministic QF preserving": {"mean": 0.3880467598204059, "std": 0.03805067724578969}, "ER deterministic": {"mean": 0.5772038448515404, "std": 0.047480011020316806}}, "netlsd": {"Full": {"mean": 0.9250312485366632, "std": 0.03540316869983156}, "Random": {"mean": 0.37945537585824546, "std": 0.021582730982066742}, "ER random QF preserving": {"mean": 0.690906811197143, "std": 0.046391384922933904}, "ER random": {"mean": 0.7419171987590665, "std": 0.059257077156761574}, "ER deterministic QF preserving": {"mean": 0.2711988171628935, "std": 0.033725389082383796}, "ER deterministic": {"mean": 0.37779742750868694, "std": 0.03510332647170114}}, "portrait": {"Full": {"mean": 0.8652213761983873, "std": 0.035598297441603824}, "Random": {"mean": 0.7476216892018097, "std": 0.03455263597217909}, "ER random QF preserving": {"mean": 0.7210228185431051, "std": 0.040339208161112285}, "ER random": {"mean": 0.7584020626059483, "std": 0.0416390260910151}, "ER deterministic QF preserving": {"mean": 0.7069578030474599, "std": 0.03665072173081523}, "ER deterministic": {"mean": 0.8019362650669922, "std": 0.04814460899282069}}, "best_approx_index": 9, "rdm_chance": 0.07368421052631578}