{"lap": {"Full": {"mean": 0.7869178021573385, "std": 0.025612722594283693}, "Apsp": {"mean": 0.9048370049548453, "std": 0.020621776006711556}, "Local degree": {"mean": 0.6827573518791575, "std": 0.02588371834147642}, "K-neighbor": {"mean": 0.639959839439465, "std": 0.032410688081287435}, "Random": {"mean": 0.7214813564732614, "std": 0.023332447110031174}, "Threshold": {"mean": 0.8155446511911624, "std": 0.022408581865003163}, "Effective Resistance": {"mean": 0.4960310387858347, "std": 0.03846206755168651}}, "nlap": {"Full": {"mean": 0.9888708845869221, "std": 0.005875693633997721}, "Apsp": {"mean": 0.8942923466909475, "std": 0.023008535600837317}, "Local degree": {"mean": 0.8982577642592376, "std": 0.022136461115686606}, "K-neighbor": {"mean": 0.7615118968636637, "std": 0.01857286850675188}, "Random": {"mean": 0.5651373711272831, "std": 0.020876137348353602}, "Threshold": {"mean": 0.7317805778764772, "std": 0.03892762934370501}, "Effective Resistance": {"mean": 0.8709061080229274, "std": 0.03543473471973004}}, "netlsd": {"Full": {"mean": 0.9250312485366632, "std": 0.03540316869983156}, "Apsp": {"mean": 0.7060546002578383, "std": 0.038251216905359556}, "Local degree": {"mean": 0.8351308119322709, "std": 0.041874545548817976}, "K-neighbor": {"mean": 0.6765908598067444, "std": 0.024969402496094896}, "Random": {"mean": 0.36199005753417246, "std": 0.022677043863823347}, "Threshold": {"mean": 0.41868907612362527, "std": 0.04210786053236163}, "Effective Resistance": {"mean": 0.692811314872755, "std": 0.04309074699607807}}, "portrait": {"Full": {"mean": 0.8652213761983873, "std": 0.035598297441603824}, "Apsp": {"mean": 0.8652213761983873, "std": 0.035598297441603824}, "Local degree": {"mean": 0.7819772228560297, "std": 0.04425436029417012}, "K-neighbor": {"mean": 0.7173041529819291, "std": 0.013766988023502331}, "Random": {"mean": 0.7521431774671987, "std": 0.03687535916299959}, "Threshold": {"mean": 0.8362734528866907, "std": 0.0396917412340807}, "Effective Resistance": {"mean": 0.7232352624064781, "std": 0.052352313695188814}}, "best_approx_index": 13, "rdm_chance": 0.07368421052631578}