,lap,lap,nlap,nlap,netlsd,netlsd,portrait,portrait
,mean,std,mean,std,mean,std,mean,std
0.0,0.0,,0.0,,0.0,,0.0,
0.1,9.243177327595117,,0.19433067942898793,,0.009498033420692092,,0.04619603335122922,
