,count,count,size,size
,mean,std,mean,std
0.0,2825.0,0.0,2825.0,0.0
0.1,2781.0,65.05382386916237,2781.0,65.05382386916237
