,lap,lap,nlap,nlap,netlsd,netlsd,portrait,portrait
,mean,std,mean,std,mean,std,mean,std
0.0,0.0,,0.0,,0.0,,0.0,
0.1,5.735954879287823,,0.03110316176775119,,0.00014299328516941405,,0.04619603335122922,
