,lap,lap,nlap,nlap,netlsd,netlsd,portrait,portrait
,mean,std,mean,std,mean,std,mean,std
0.0,0.0,,0.0,,0.0,,0.0,
0.1,2.777082675937336,,0.16893185953126005,,0.0013521741972024554,,0.03512939744085296,
