,count,count,size,size
,mean,std,mean,std
0.0,3397.0,0.0,3397.0,0.0
0.1,3250.0,12.727922061357855,3250.0,12.727922061357855
