,lap,lap,nlap,nlap,netlsd,netlsd,portrait,portrait
,mean,std,mean,std,mean,std,mean,std
0.0,0.0,,0.0,,0.0,,0.0,
0.1,2.9357826135156344,,0.04821960838785172,,0.0012540850296257897,,0.03512939744085296,
