lap,nlap,netlsd,portrait
0.0,0.0,0.0,0.0
2.0,1.0,2.0,2.0
26.341642045270202,1.6768587098350216,0.11521936451526345,0.1246100452094347
2.0,2.0,2.0,2.0
1.0,2.0,1.0,1.0
3.0,3.0,3.0,3.0
109.63246372800134,3.03469247841178,0.23051372695704625,0.6658253555172389
3.0,3.0,3.0,3.0
