lap,nlap,netlsd,portrait
0.0,0.0,0.0,0.0
2.0,2.0,2.0,2.0
20.8387827839649,1.5079820038036436,0.09473147849618335,0.11630008325515542
2.0,2.0,2.0,2.0
1.0,1.0,1.0,1.0
3.0,3.0,3.0,3.0
113.21199359470053,2.7798520517683443,0.20805917901737353,0.6635787925504137
3.0,3.0,3.0,3.0
