lap,nlap,netlsd,portrait
0.0,0.0,0.0,0.0
2.0,2.0,2.0,2.0
27.592239305924313,1.4186905656528481,0.09041843796795303,0.10300853731388598
2.0,2.0,2.0,2.0
1.0,1.0,1.0,1.0
3.0,3.0,3.0,3.0
102.87582375424513,2.611777189756884,0.1906452648099666,0.6139573991778723
3.0,3.0,3.0,3.0
