lap,nlap,netlsd,portrait
0.0,0.0,0.0,0.0
2.0,2.0,2.0,2.0
14.313560428320004,1.2082292747792618,0.07969689448868424,0.09666138133161928
2.0,2.0,2.0,2.0
1.0,1.0,1.0,1.0
3.0,3.0,3.0,3.0
99.28659837376674,2.5496222468917695,0.18770562566811713,0.5573024095374122
3.0,3.0,3.0,3.0
