lap,nlap,netlsd,portrait
1.0,2.0,2.0,0.0
2.0,1.0,1.0,2.0
28.754684014503816,0.6011911456006659,0.030180344374794003,0.1246100452094347
2.0,2.0,2.0,2.0
0.0,0.0,0.0,1.0
3.0,3.0,3.0,3.0
41.71030435924899,1.2963861028122268,0.06190922809069146,0.6658253555172389
3.0,3.0,3.0,3.0
