lap,nlap,netlsd,portrait
1.0,2.0,2.0,0.0
0.0,1.0,1.0,2.0
32.81762896465288,0.8102682259519381,0.038538286271333766,0.11630008325515542
2.0,2.0,2.0,2.0
2.0,0.0,0.0,1.0
3.0,3.0,3.0,3.0
35.164540274776044,1.485527634851627,0.07153480556634648,0.6635787925504137
3.0,3.0,3.0,3.0
