lap,nlap,netlsd,portrait
1.0,2.0,2.0,0.0
0.0,1.0,1.0,2.0
27.765091924260695,0.34036786570036515,0.011934618464711982,0.10300853731388598
2.0,2.0,2.0,2.0
2.0,0.0,0.0,1.0
3.0,3.0,3.0,3.0
32.38265773404889,1.3903087456520933,0.06763255889620905,0.6139573991778723
3.0,3.0,3.0,3.0
