lap,nlap,netlsd,portrait
2.0,2.0,2.0,0.0
0.0,1.0,1.0,2.0
27.249724335297902,0.2695242605383674,0.011077059986641354,0.09666138133161928
2.0,2.0,2.0,2.0
1.0,0.0,0.0,1.0
3.0,3.0,3.0,3.0
44.94108089014447,1.3556053274021633,0.06495907298181453,0.5573024095374122
3.0,3.0,3.0,3.0
