lap,lap,nlap,nlap,netlsd,netlsd,portrait,portrait
mean,std,mean,std,mean,std,mean,std
0.0,,0.0,,0.0,,0.0,
0.34374377419890245,,0.009757589509305067,,7.637358721525066e-05,,0.00700719563071961,
