lap,lap,nlap,nlap,netlsd,netlsd,portrait,portrait
mean,std,mean,std,mean,std,mean,std
0.0,,0.0,,0.0,,0.0,
0.12924548147083806,,0.0063456709563261895,,0.00029359268797168083,,0.0023269783476272533,
