lap,lap,nlap,nlap,netlsd,netlsd,portrait,portrait
mean,std,mean,std,mean,std,mean,std
0.0,,0.0,,0.0,,0.0,
0.08710773532133825,,0.0013897319900499907,,3.40096142584989e-05,,0.0023269783476272533,
