{"lap": {"Full": {"mean": 0.46411380311231076, "std": 0.007008044203030629}, "Random": {"mean": 0.5380060714249841, "std": 0.006658504820045212}, "Threshold": {"mean": 0.6968624738439415, "std": 0.008599568412109442}, "Local Degree": {"mean": 0.47919531288251893, "std": 0.009354584174082584}, "K-Neighbor": {"mean": 0.4459394227141873, "std": 0.010306663343777504}, "Effective Resistance": {"mean": 0.41205467316613625, "std": 0.013813350704355284}, "APSP": {"mean": 0.6752072562122227, "std": 0.016529204548231095}}, "nlap": {"Full": {"mean": 0.6577736994233381, "std": 0.01142808455877066}, "Random": {"mean": 0.4777766397246709, "std": 0.006945961401372528}, "Threshold": {"mean": 0.5071910040143061, "std": 0.011309929282277444}, "Local Degree": {"mean": 0.4834029061891366, "std": 0.002916003260618153}, "K-Neighbor": {"mean": 0.5715646705253484, "std": 0.005378082952429362}, "Effective Resistance": {"mean": 0.4761960175599748, "std": 0.00815157893298692}, "APSP": {"mean": 0.6617515384263644, "std": 0.01132465407550898}}, "netlsd": {"Full": {"mean": 0.624309638980721, "std": 0.0158508134012478}, "Random": {"mean": 0.45011886706086457, "std": 0.014418216054206068}, "Threshold": {"mean": 0.440434757683222, "std": 0.02026202602809726}, "Local Degree": {"mean": 0.472118652909492, "std": 0.003210775974193607}, "K-Neighbor": {"mean": 0.5573581623976924, "std": 0.015745082752346467}, "Effective Resistance": {"mean": 0.4555193930502881, "std": 0.013909127698051207}, "APSP": {"mean": 0.600475708942081, "std": 0.011663268487570922}}, "portrait": {"Full": {"mean": 0.6315387129353371, "std": 0.008747905408889714}, "Random": {"mean": 0.5809162067300601, "std": 0.007705947715163737}, "Threshold": {"mean": 0.6315938495018089, "std": 0.0091992990922766}, "Local Degree": {"mean": 0.5312112454588374, "std": 0.01154998869125742}, "K-Neighbor": {"mean": 0.3654928449900755, "std": 0.011561557096998019}, "Effective Resistance": {"mean": 0.49342002442614274, "std": 0.011141270688958595}, "APSP": {"mean": 0.6315387129353371, "std": 0.008747905408889714}}, "best_approx_index": 1, "rdm_chance": 0.3263157894736842}