{"lap": {"Full": {"mean": 0.47417675088237865, "std": 0.0}, "K-neighbor": {"mean": 0.44861921099673807, "std": 0.0}, "Random": {"mean": 0.5349154488860309, "std": 0.0}, "Effective Resistance": {"mean": 0.42172657290479926, "std": 0.0}, "K-neighbor2": {"mean": 0.45929800568381807, "std": 0.0}, "Random2": {"mean": 0.44386905770805873, "std": 0.0}, "Effective Resistance2": {"mean": 0.43723651672268893, "std": 0.0}}, "nlap": {"Full": {"mean": 0.6621501666622678, "std": 0.0}, "K-neighbor": {"mean": 0.47806194418261366, "std": 0.0}, "Random": {"mean": 0.4822706727982923, "std": 0.0}, "Effective Resistance": {"mean": 0.45760493499814503, "std": 0.0}, "K-neighbor2": {"mean": 0.5837889099144273, "std": 0.0}, "Random2": {"mean": 0.5772501904388458, "std": 0.0}, "Effective Resistance2": {"mean": 0.5108863049592661, "std": 0.0}}, "netlsd": {"Full": {"mean": 0.6334781476276091, "std": 0.0}, "K-neighbor": {"mean": 0.45329202473637376, "std": 0.0}, "Random": {"mean": 0.45884367112856034, "std": 0.0}, "Effective Resistance": {"mean": 0.4253097704401644, "std": 0.0}, "K-neighbor2": {"mean": 0.5891923241661079, "std": 0.0}, "Random2": {"mean": 0.5536622191401804, "std": 0.0}, "Effective Resistance2": {"mean": 0.46556201920680784, "std": 0.0}}, "portrait": {"Full": {"mean": 0.6298141022666087, "std": 0.0}, "K-neighbor": {"mean": 0.46978267119468664, "std": 0.0}, "Random": {"mean": 0.5938098199749073, "std": 0.0}, "Effective Resistance": {"mean": 0.49137689086719044, "std": 0.0}, "K-neighbor2": {"mean": 0.3690548007970891, "std": 0.0}, "Random2": {"mean": 0.3314649870551107, "std": 0.0}, "Effective Resistance2": {"mean": 0.39869106091312045, "std": 0.0}}, "best_approx_index": 0, "rdm_chance": 0.3263157894736842}