{"lap": {"Full": {"mean": 0.4632303645662918, "std": 0.007802248283317063}, "Apsp": {"mean": 0.672411195022105, "std": 0.01325901759957344}, "Local degree": {"mean": 0.4170285920791771, "std": 0.0061414740264954595}, "K-neighbor": {"mean": 0.4507667814431371, "std": 0.006791277696690039}, "Random": {"mean": 0.5363072237800199, "std": 0.005065379021512678}, "Threshold": {"mean": 0.6956035633834449, "std": 0.006720652380850548}, "Effective Resistance": {"mean": 0.40897872213253256, "std": 0.012392905015366685}}, "nlap": {"Full": {"mean": 0.6584696480146891, "std": 0.011757961964539166}, "Apsp": {"mean": 0.658320476054406, "std": 0.012029330539785894}, "Local degree": {"mean": 0.46325512667556507, "std": 0.00476537508781693}, "K-neighbor": {"mean": 0.47845713582564164, "std": 0.004076567585552155}, "Random": {"mean": 0.48105901620711283, "std": 0.005994749399238712}, "Threshold": {"mean": 0.5070553752776246, "std": 0.01236994431561587}, "Effective Resistance": {"mean": 0.4773366636475528, "std": 0.00826443456271453}}, "netlsd": {"Full": {"mean": 0.626070148256025, "std": 0.016678880077940016}, "Apsp": {"mean": 0.6014286037965857, "std": 0.012688799615659016}, "Local degree": {"mean": 0.4502323501509501, "std": 0.008703496524660934}, "K-neighbor": {"mean": 0.4469901573044483, "std": 0.004724339382517989}, "Random": {"mean": 0.45228914382722685, "std": 0.00887693325767204}, "Threshold": {"mean": 0.445565895535703, "std": 0.018245118069602433}, "Effective Resistance": {"mean": 0.45295809871978215, "std": 0.011280771452256283}}, "portrait": {"Full": {"mean": 0.6313970429788911, "std": 0.00922266392787563}, "Apsp": {"mean": 0.6313970429788911, "std": 0.00922266392787563}, "Local degree": {"mean": 0.6026130165245133, "std": 0.013416410364642726}, "K-neighbor": {"mean": 0.4547629293936118, "std": 0.003882082430738924}, "Random": {"mean": 0.5826978665800661, "std": 0.01325065720494286}, "Threshold": {"mean": 0.631327294585277, "std": 0.009301137498689457}, "Effective Resistance": {"mean": 0.49159579299136513, "std": 0.013836596076147456}}, "best_approx_index": 8, "rdm_chance": 0.3263157894736842}