{"lap": {"Full": {"mean": 0.4632303645662918, "std": 0.007802248283317063}, "Apsp": {"mean": 0.672411195022105, "std": 0.01325901759957344}, "Local degree": {"mean": 0.4240251801644307, "std": 0.007262894944424086}, "K-neighbor": {"mean": 0.4835302791096452, "std": 0.00923358381490201}, "Random": {"mean": 0.5369690134537337, "std": 0.007060566646257106}, "Threshold": {"mean": 0.6956035633834449, "std": 0.006720652380850548}, "Effective resistance": {"mean": 0.42777620243686154, "std": 0.0085631060294485}}, "nlap": {"Full": {"mean": 0.6584696480146891, "std": 0.011757961964539166}, "Apsp": {"mean": 0.658320476054406, "std": 0.012029330539785894}, "Local degree": {"mean": 0.4754441101104767, "std": 0.003619008043420558}, "K-neighbor": {"mean": 0.46158597305008636, "std": 0.005464344940558472}, "Random": {"mean": 0.48338810422511475, "std": 0.006175000188415784}, "Threshold": {"mean": 0.5070553752776246, "std": 0.01236994431561587}, "Effective resistance": {"mean": 0.515414650665712, "std": 0.008045179000577624}}, "netlsd": {"Full": {"mean": 0.626070148256025, "std": 0.016678880077940016}, "Apsp": {"mean": 0.6014286037965857, "std": 0.012688799615659016}, "Local degree": {"mean": 0.4558398544020876, "std": 0.006967059998152934}, "K-neighbor": {"mean": 0.42796803556920066, "std": 0.007954793022474685}, "Random": {"mean": 0.4565888247224974, "std": 0.010384402989037127}, "Threshold": {"mean": 0.445565895535703, "std": 0.018245118069602433}, "Effective resistance": {"mean": 0.47858806054393266, "std": 0.015464427505945396}}, "portrait": {"Full": {"mean": 0.6313970429788911, "std": 0.00922266392787563}, "Apsp": {"mean": 0.6313970429788911, "std": 0.00922266392787563}, "Local degree": {"mean": 0.6078327333495487, "std": 0.012623048349583539}, "K-neighbor": {"mean": 0.5202911806840036, "std": 0.010031917834556429}, "Random": {"mean": 0.584757186931261, "std": 0.010309523868280495}, "Threshold": {"mean": 0.631327294585277, "std": 0.009301137498689457}, "Effective resistance": {"mean": 0.3876901567456734, "std": 0.010017233990990023}}, "best_approx_index": 10, "rdm_chance": 0.3263157894736842}