{"lap": {"Full": {"mean": 0.4632303645662918, "std": 0.007802248283317063}, "Random": {"mean": 0.5384653436993048, "std": 0.006250554151160554}, "ER random QF preserving": {"mean": 0.408623665299977, "std": 0.010992278475951555}, "ER random": {"mean": 0.5729528456378, "std": 0.011671504702542588}, "ER deterministic QF preserving": {"mean": 0.5062561417209154, "std": 0.010583105969361063}, "ER deterministic": {"mean": 0.6653028859487595, "std": 0.016152017836200353}}, "nlap": {"Full": {"mean": 0.6584696480146891, "std": 0.011757961964539166}, "Random": {"mean": 0.4818856013445042, "std": 0.005924514203690897}, "ER random QF preserving": {"mean": 0.47714023257397314, "std": 0.00841656906877939}, "ER random": {"mean": 0.5477768919061654, "std": 0.01195935558481229}, "ER deterministic QF preserving": {"mean": 0.368190290675148, "std": 0.01289082482692023}, "ER deterministic": {"mean": 0.533265961398626, "std": 0.016231581229311218}}, "netlsd": {"Full": {"mean": 0.626070148256025, "std": 0.016678880077940016}, "Random": {"mean": 0.45672834725605693, "std": 0.009081720416264233}, "ER random QF preserving": {"mean": 0.4511819008405502, "std": 0.01187931220110036}, "ER random": {"mean": 0.539503453320909, "std": 0.019981372890606492}, "ER deterministic QF preserving": {"mean": 0.3738355923185678, "std": 0.01694847253894884}, "ER deterministic": {"mean": 0.4962674148034763, "std": 0.014253298459925652}}, "portrait": {"Full": {"mean": 0.6313970429788911, "std": 0.00922266392787563}, "Random": {"mean": 0.5827417278344384, "std": 0.01313791862229096}, "ER random QF preserving": {"mean": 0.49285481691617583, "std": 0.012776885909679339}, "ER random": {"mean": 0.5362921233656782, "std": 0.012617965438736627}, "ER deterministic QF preserving": {"mean": 0.4903027969680478, "std": 0.0082254585871987}, "ER deterministic": {"mean": 0.6005714777852488, "std": 0.010431520135880099}}, "best_approx_index": 8, "rdm_chance": 0.3263157894736842}