,lap,lap,nlap,nlap,netlsd,netlsd,portrait,portrait
,mean,std,mean,std,mean,std,mean,std
0.0,0.0,,0.0,,0.0,,0.0,
0.1,5.383159229024958,,0.12269770809198936,,0.008298622267350186,,0.05013254676936792,
