,count,count,size,size
,mean,std,mean,std
0.0,2815.0,0.0,2815.0,0.0
0.1,2877.5,61.518289963229634,2877.5,61.518289963229634
