,lap,lap,nlap,nlap,netlsd,netlsd,portrait,portrait
,mean,std,mean,std,mean,std,mean,std
0.0,0.0,,0.0,,0.0,,0.0,
0.1,1.8402441368498508,,0.03518030825763332,,0.0003981409399728191,,0.05013254676936792,
