,lap,lap,nlap,nlap,netlsd,netlsd
,mean,std,mean,std,mean,std
0.0,0.0,0.0,0.0,0.0,0.0,0.0
0.02,1.1395482990786712,0.07237948500458717,0.01914827434225581,0.0005082204958750565,9.828894584339275e-05,9.102654839084464e-05
0.04,2.219233640371997,0.17780877532570738,0.026927959235181112,0.0008328696660393921,0.00012494497659059682,0.0001662917205904401
0.06,2.5907578983775776,0.009552782236795678,0.040815274003994366,0.012890222598235164,0.0011067495433437799,0.000766281592168667
0.08,2.821276675245614,0.1662937266628804,0.035084025888055315,0.002251607923910709,0.0002844093881532991,0.0002218306461260473
0.1,4.977818433019339,1.4257427512922092,0.04266743690665841,0.0025547754768509897,0.0004961574487552015,0.000117505145423635
