,lap,lap,nlap,nlap,netlsd,netlsd
,mean,std,mean,std,mean,std
0.0,0.0,0.0,0.0,0.0,0.0,0.0
0.02,4.034911480885291,1.5049427800418178,0.15631862548807407,0.059730903797337934,0.005011753268522727,0.003570713201543274
0.04,5.086258081641115,3.7688000165607995,0.2759106279268272,0.2019096026071514,0.01801262002237395,0.015466136246993679
0.06,5.377866608067508,4.139156417750018,0.2647669454384187,0.13642088909762057,0.015279131540615824,0.013453387777946468
0.08,6.302532407221241,1.0395992007003412,0.3515992311277081,0.11372296494195691,0.01970731289922844,0.004943107880448441
0.1,4.639209031815603,0.04304125331713875,0.23987783697261966,0.060353394325854896,0.012608197381590356,0.00907868520081324
