,count,count,size,size
,mean,std,mean,std
0.0,2618.0,0.0,2618.0,0.0
0.1,2634.0,28.284271247461902,2634.0,28.284271247461902
