,mean,std
0.0,2788.0,0.0
0.02,2811.5,29.444863728670914
0.04,2823.0,68.32276341015489
0.06,2792.75,69.50959166426841
0.08,2780.25,87.59138085451102
0.1,2810.5,31.93221988316294
