,lap,lap,nlap,nlap,netlsd,netlsd,portrait,portrait
,mean,std,mean,std,mean,std,mean,std
0.0,0.0,,0.0,,0.0,,0.0,
0.1,3.7431820693086864,,0.03268961099160881,,0.00012039908756875113,,0.04599668701888991,
