lap,lap,nlap,nlap,netlsd,netlsd,portrait,portrait
mean,std,mean,std,mean,std,mean,std
0.0,,0.0,,0.0,,0.0,
0.09153114382684174,,0.011836239472880943,,5.022808274141154e-05,,0.0013502716523900605,
