lap,lap,nlap,nlap,netlsd,netlsd,portrait,portrait
mean,std,mean,std,mean,std,mean,std
0.0,,0.0,,0.0,,0.0,
0.2414469674730359,,0.009811227704204863,,2.3954290868864105e-05,,0.0013502716523900605,
