lap,lap,nlap,nlap,netlsd,netlsd,portrait,portrait
mean,std,mean,std,mean,std,mean,std
0.0,,0.0,,0.0,,0.0,
0.11596331287252895,,0.010559551204421655,,2.1847758733461214e-05,,0.004811359602790572,
