lap,lap,nlap,nlap,netlsd,netlsd,portrait,portrait
mean,std,mean,std,mean,std,mean,std
0.0,,0.0,,0.0,,0.0,
0.10642471670224438,,0.007183303651222021,,2.832828764776607e-05,,0.004811359602790572,
