lap,lap,nlap,nlap,netlsd,netlsd,portrait,portrait
mean,std,mean,std,mean,std,mean,std
0.0,,0.0,,0.0,,0.0,
0.09443718121025971,,0.027708145817693947,,0.00123881136786746,,0.00230778733356732,
