lap,lap,nlap,nlap,netlsd,netlsd,portrait,portrait
mean,std,mean,std,mean,std,mean,std
0.0,,0.0,,0.0,,0.0,
0.08642775052460389,,0.003965762621513636,,4.695525773622427e-05,,0.00230778733356732,
