lap,lap,nlap,nlap,netlsd,netlsd,portrait,portrait
mean,std,mean,std,mean,std,mean,std
0.0,,0.0,,0.0,,0.0,
0.021043973437334586,,0.003935282456545802,,9.543496559785963e-05,,0.00559181021648328,
