lap,lap,nlap,nlap,netlsd,netlsd,portrait,portrait
mean,std,mean,std,mean,std,mean,std
0.0,,0.0,,0.0,,0.0,
0.20063733033650644,,0.009481659258651411,,0.00011483192457417248,,0.00559181021648328,
