,lap,lap,nlap,nlap,netlsd,netlsd,portrait,portrait
,mean,std,mean,std,mean,std,mean,std
0.0,0.0,,0.0,,0.0,,0.0,
0.1,5.083923218450325,,0.05437108426467313,,0.0015730322219267073,,0.03301056122173232,
