,count,count,size,size
,mean,std,mean,std
0.0,3966.0,0.0,3966.0,0.0
0.1,3834.0,41.012193308819754,3834.0,41.012193308819754
