,lap,lap,nlap,nlap,netlsd,netlsd,portrait,portrait
,mean,std,mean,std,mean,std,mean,std
0.0,0.0,,0.0,,0.0,,0.0,
0.1,1.7770224843144842,,0.032971606336559774,,0.00017928459616199728,,0.03301056122173232,
